program,strategy,passes,execution_time_ms,binary_size_bytes,ir_lines,ir_instructions,speedup_vs_o0,is_best_strategy,best_strategy_target,instruction_count,basic_block_count,function_count,loop_count,branch_count,cond_branch_count,uncond_branch_count,load_count,store_count,alloca_count,gep_count,phi_count,arithmetic_count,bitwise_count,cmp_count,call_count,ret_count,mem_op_count,load_store_ratio,mem_to_total_ratio,arith_to_total_ratio,branch_to_bb_ratio,phi_to_bb_ratio
binary_search,scalar_cleanup,"mem2reg,instcombine,simplifycfg",64.2494,16080,114,76,0.7976,0,arithmetic_constant,116.0,25.0,2.0,4.0,23.0,7.0,16.0,29.0,20.0,13.0,4.0,0.0,13.0,0.0,7.0,2.0,2.0,66.0,1.45,0.569,0.1121,0.92,0.0
binary_search,arithmetic_constant,"mem2reg,instcombine,reassociate,sccp,dce",46.8584,16080,150,100,1.0936,1,arithmetic_constant,116.0,25.0,2.0,4.0,23.0,7.0,16.0,29.0,20.0,13.0,4.0,0.0,13.0,0.0,7.0,2.0,2.0,66.0,1.45,0.569,0.1121,0.92,0.0
binary_search,memory_redundancy,"mem2reg,gvn,dse,instcombine,simplifycfg",62.8432,16080,111,73,0.8154,0,arithmetic_constant,116.0,25.0,2.0,4.0,23.0,7.0,16.0,29.0,20.0,13.0,4.0,0.0,13.0,0.0,7.0,2.0,2.0,66.0,1.45,0.569,0.1121,0.92,0.0
binary_search,code_size_dce,"mem2reg,simplifycfg,instcombine,dce,adce",65.6701,16080,114,76,0.7803,0,arithmetic_constant,116.0,25.0,2.0,4.0,23.0,7.0,16.0,29.0,20.0,13.0,4.0,0.0,13.0,0.0,7.0,2.0,2.0,66.0,1.45,0.569,0.1121,0.92,0.0
binary_search,tailcall_simplify,"mem2reg,tailcallelim,simplifycfg,instcombine,dce",65.5579,16080,114,76,0.7817,0,arithmetic_constant,116.0,25.0,2.0,4.0,23.0,7.0,16.0,29.0,20.0,13.0,4.0,0.0,13.0,0.0,7.0,2.0,2.0,66.0,1.45,0.569,0.1121,0.92,0.0
bit_manipulation,scalar_cleanup,"mem2reg,instcombine,simplifycfg",3.8656,16120,96,57,2.0063,1,scalar_cleanup,85.0,16.0,3.0,3.0,13.0,4.0,9.0,21.0,16.0,10.0,0.0,0.0,6.0,9.0,4.0,3.0,3.0,47.0,1.3125,0.5529,0.1765,0.8125,0.0
bit_manipulation,arithmetic_constant,"mem2reg,instcombine,reassociate,sccp,dce",7.9375,16120,108,65,0.9771,0,scalar_cleanup,85.0,16.0,3.0,3.0,13.0,4.0,9.0,21.0,16.0,10.0,0.0,0.0,6.0,9.0,4.0,3.0,3.0,47.0,1.3125,0.5529,0.1765,0.8125,0.0
bit_manipulation,memory_redundancy,"mem2reg,gvn,dse,instcombine,simplifycfg",3.9995,16120,96,57,1.9391,0,scalar_cleanup,85.0,16.0,3.0,3.0,13.0,4.0,9.0,21.0,16.0,10.0,0.0,0.0,6.0,9.0,4.0,3.0,3.0,47.0,1.3125,0.5529,0.1765,0.8125,0.0
bit_manipulation,code_size_dce,"mem2reg,simplifycfg,instcombine,dce,adce",4.4021,16120,96,57,1.7618,0,scalar_cleanup,85.0,16.0,3.0,3.0,13.0,4.0,9.0,21.0,16.0,10.0,0.0,0.0,6.0,9.0,4.0,3.0,3.0,47.0,1.3125,0.5529,0.1765,0.8125,0.0
bit_manipulation,tailcall_simplify,"mem2reg,tailcallelim,simplifycfg,instcombine,dce",4.0891,16120,96,57,1.8967,0,scalar_cleanup,85.0,16.0,3.0,3.0,13.0,4.0,9.0,21.0,16.0,10.0,0.0,0.0,6.0,9.0,4.0,3.0,3.0,47.0,1.3125,0.5529,0.1765,0.8125,0.0
branch_heavy,scalar_cleanup,"mem2reg,instcombine,simplifycfg",2.1497,16080,151,103,0.9814,0,arithmetic_constant,126.0,29.0,2.0,1.0,27.0,8.0,19.0,28.0,21.0,6.0,0.0,0.0,22.0,3.0,7.0,2.0,2.0,55.0,1.3333,0.4365,0.1984,0.931,0.0
branch_heavy,arithmetic_constant,"mem2reg,instcombine,reassociate,sccp,dce",1.7596,16080,160,109,1.199,1,arithmetic_constant,126.0,29.0,2.0,1.0,27.0,8.0,19.0,28.0,21.0,6.0,0.0,0.0,22.0,3.0,7.0,2.0,2.0,55.0,1.3333,0.4365,0.1984,0.931,0.0
branch_heavy,memory_redundancy,"mem2reg,gvn,dse,instcombine,simplifycfg",1.7641,16080,148,101,1.1959,0,arithmetic_constant,126.0,29.0,2.0,1.0,27.0,8.0,19.0,28.0,21.0,6.0,0.0,0.0,22.0,3.0,7.0,2.0,2.0,55.0,1.3333,0.4365,0.1984,0.931,0.0
branch_heavy,code_size_dce,"mem2reg,simplifycfg,instcombine,dce,adce",2.2119,16080,151,103,0.9538,0,arithmetic_constant,126.0,29.0,2.0,1.0,27.0,8.0,19.0,28.0,21.0,6.0,0.0,0.0,22.0,3.0,7.0,2.0,2.0,55.0,1.3333,0.4365,0.1984,0.931,0.0
branch_heavy,tailcall_simplify,"mem2reg,tailcallelim,simplifycfg,instcombine,dce",2.3359,16080,151,103,0.9032,0,arithmetic_constant,126.0,29.0,2.0,1.0,27.0,8.0,19.0,28.0,21.0,6.0,0.0,0.0,22.0,3.0,7.0,2.0,2.0,55.0,1.3333,0.4365,0.1984,0.931,0.0
bubble_sort,scalar_cleanup,"mem2reg,instcombine,simplifycfg",1.8072,16080,137,95,0.9168,0,memory_redundancy,133.0,24.0,2.0,5.0,22.0,6.0,16.0,37.0,19.0,11.0,9.0,0.0,17.0,0.0,6.0,2.0,2.0,76.0,1.9474,0.5714,0.1278,0.9167,0.0
bubble_sort,arithmetic_constant,"mem2reg,instcombine,reassociate,sccp,dce",1.6643,16080,161,111,0.9956,0,memory_redundancy,133.0,24.0,2.0,5.0,22.0,6.0,16.0,37.0,19.0,11.0,9.0,0.0,17.0,0.0,6.0,2.0,2.0,76.0,1.9474,0.5714,0.1278,0.9167,0.0
bubble_sort,memory_redundancy,"mem2reg,gvn,dse,instcombine,simplifycfg",1.5481,16080,123,81,1.0703,1,memory_redundancy,133.0,24.0,2.0,5.0,22.0,6.0,16.0,37.0,19.0,11.0,9.0,0.0,17.0,0.0,6.0,2.0,2.0,76.0,1.9474,0.5714,0.1278,0.9167,0.0
bubble_sort,code_size_dce,"mem2reg,simplifycfg,instcombine,dce,adce",1.6808,16080,137,95,0.9858,0,memory_redundancy,133.0,24.0,2.0,5.0,22.0,6.0,16.0,37.0,19.0,11.0,9.0,0.0,17.0,0.0,6.0,2.0,2.0,76.0,1.9474,0.5714,0.1278,0.9167,0.0
bubble_sort,tailcall_simplify,"mem2reg,tailcallelim,simplifycfg,instcombine,dce",1.6892,16080,137,95,0.9809,0,memory_redundancy,133.0,24.0,2.0,5.0,22.0,6.0,16.0,37.0,19.0,11.0,9.0,0.0,17.0,0.0,6.0,2.0,2.0,76.0,1.9474,0.5714,0.1278,0.9167,0.0
collatz,scalar_cleanup,"mem2reg,instcombine,simplifycfg",99.7068,16072,90,53,1.6823,0,memory_redundancy,61.0,16.0,2.0,3.0,14.0,4.0,10.0,13.0,12.0,6.0,0.0,0.0,8.0,0.0,4.0,2.0,2.0,31.0,1.0833,0.5082,0.1311,0.875,0.0
collatz,arithmetic_constant,"mem2reg,instcombine,reassociate,sccp,dce",102.3486,16072,99,59,1.6388,0,memory_redundancy,61.0,16.0,2.0,3.0,14.0,4.0,10.0,13.0,12.0,6.0,0.0,0.0,8.0,0.0,4.0,2.0,2.0,31.0,1.0833,0.5082,0.1311,0.875,0.0
collatz,memory_redundancy,"mem2reg,gvn,dse,instcombine,simplifycfg",96.292,16072,90,53,1.7419,1,memory_redundancy,61.0,16.0,2.0,3.0,14.0,4.0,10.0,13.0,12.0,6.0,0.0,0.0,8.0,0.0,4.0,2.0,2.0,31.0,1.0833,0.5082,0.1311,0.875,0.0
collatz,code_size_dce,"mem2reg,simplifycfg,instcombine,dce,adce",98.0487,16072,90,53,1.7107,0,memory_redundancy,61.0,16.0,2.0,3.0,14.0,4.0,10.0,13.0,12.0,6.0,0.0,0.0,8.0,0.0,4.0,2.0,2.0,31.0,1.0833,0.5082,0.1311,0.875,0.0
collatz,tailcall_simplify,"mem2reg,tailcallelim,simplifycfg,instcombine,dce",110.0713,16072,90,53,1.5239,0,memory_redundancy,61.0,16.0,2.0,3.0,14.0,4.0,10.0,13.0,12.0,6.0,0.0,0.0,8.0,0.0,4.0,2.0,2.0,31.0,1.0833,0.5082,0.1311,0.875,0.0
factorial,scalar_cleanup,"mem2reg,instcombine,simplifycfg",11.1492,16064,74,42,1.1235,0,tailcall_simplify,53.0,13.0,2.0,2.0,11.0,3.0,8.0,11.0,10.0,6.0,0.0,0.0,6.0,0.0,3.0,3.0,2.0,27.0,1.1,0.5094,0.1132,0.8462,0.0
factorial,arithmetic_constant,"mem2reg,instcombine,reassociate,sccp,dce",14.189,16064,86,50,0.8828,0,tailcall_simplify,53.0,13.0,2.0,2.0,11.0,3.0,8.0,11.0,10.0,6.0,0.0,0.0,6.0,0.0,3.0,3.0,2.0,27.0,1.1,0.5094,0.1132,0.8462,0.0
factorial,memory_redundancy,"mem2reg,gvn,dse,instcombine,simplifycfg",11.3785,16064,74,42,1.1009,0,tailcall_simplify,53.0,13.0,2.0,2.0,11.0,3.0,8.0,11.0,10.0,6.0,0.0,0.0,6.0,0.0,3.0,3.0,2.0,27.0,1.1,0.5094,0.1132,0.8462,0.0
factorial,code_size_dce,"mem2reg,simplifycfg,instcombine,dce,adce",11.4462,16064,74,42,1.0944,0,tailcall_simplify,53.0,13.0,2.0,2.0,11.0,3.0,8.0,11.0,10.0,6.0,0.0,0.0,6.0,0.0,3.0,3.0,2.0,27.0,1.1,0.5094,0.1132,0.8462,0.0
factorial,tailcall_simplify,"mem2reg,tailcallelim,simplifycfg,instcombine,dce",9.0017,16064,77,44,1.3916,1,tailcall_simplify,53.0,13.0,2.0,2.0,11.0,3.0,8.0,11.0,10.0,6.0,0.0,0.0,6.0,0.0,3.0,3.0,2.0,27.0,1.1,0.5094,0.1132,0.8462,0.0
fibonacci,scalar_cleanup,"mem2reg,instcombine,simplifycfg",5.6385,16064,63,34,0.9766,0,tailcall_simplify,43.0,9.0,2.0,1.0,7.0,2.0,5.0,10.0,8.0,5.0,0.0,0.0,5.0,0.0,2.0,4.0,2.0,23.0,1.25,0.5349,0.1163,0.7778,0.0
fibonacci,arithmetic_constant,"mem2reg,instcombine,reassociate,sccp,dce",5.661,16064,69,38,0.9727,0,tailcall_simplify,43.0,9.0,2.0,1.0,7.0,2.0,5.0,10.0,8.0,5.0,0.0,0.0,5.0,0.0,2.0,4.0,2.0,23.0,1.25,0.5349,0.1163,0.7778,0.0
fibonacci,memory_redundancy,"mem2reg,gvn,dse,instcombine,simplifycfg",5.6449,16064,63,34,0.9755,0,tailcall_simplify,43.0,9.0,2.0,1.0,7.0,2.0,5.0,10.0,8.0,5.0,0.0,0.0,5.0,0.0,2.0,4.0,2.0,23.0,1.25,0.5349,0.1163,0.7778,0.0
fibonacci,code_size_dce,"mem2reg,simplifycfg,instcombine,dce,adce",5.5878,16064,63,34,0.9855,0,tailcall_simplify,43.0,9.0,2.0,1.0,7.0,2.0,5.0,10.0,8.0,5.0,0.0,0.0,5.0,0.0,2.0,4.0,2.0,23.0,1.25,0.5349,0.1163,0.7778,0.0
fibonacci,tailcall_simplify,"mem2reg,tailcallelim,simplifycfg,instcombine,dce",5.439,16064,67,37,1.0124,1,tailcall_simplify,43.0,9.0,2.0,1.0,7.0,2.0,5.0,10.0,8.0,5.0,0.0,0.0,5.0,0.0,2.0,4.0,2.0,23.0,1.25,0.5349,0.1163,0.7778,0.0
hash_table,scalar_cleanup,"mem2reg,instcombine,simplifycfg",4.596,16216,179,122,1.0946,0,tailcall_simplify,163.0,33.0,4.0,6.0,29.0,9.0,20.0,41.0,25.0,13.0,9.0,1.0,19.0,0.0,9.0,4.0,4.0,88.0,1.64,0.5399,0.1166,0.8788,0.0303
hash_table,arithmetic_constant,"mem2reg,instcombine,reassociate,sccp,dce",4.3912,16216,207,141,1.1457,0,tailcall_simplify,163.0,33.0,4.0,6.0,29.0,9.0,20.0,41.0,25.0,13.0,9.0,1.0,19.0,0.0,9.0,4.0,4.0,88.0,1.64,0.5399,0.1166,0.8788,0.0303
hash_table,memory_redundancy,"mem2reg,gvn,dse,instcombine,simplifycfg",4.1193,16216,166,110,1.2213,0,tailcall_simplify,163.0,33.0,4.0,6.0,29.0,9.0,20.0,41.0,25.0,13.0,9.0,1.0,19.0,0.0,9.0,4.0,4.0,88.0,1.64,0.5399,0.1166,0.8788,0.0303
hash_table,code_size_dce,"mem2reg,simplifycfg,instcombine,dce,adce",3.9537,16216,179,122,1.2725,0,tailcall_simplify,163.0,33.0,4.0,6.0,29.0,9.0,20.0,41.0,25.0,13.0,9.0,1.0,19.0,0.0,9.0,4.0,4.0,88.0,1.64,0.5399,0.1166,0.8788,0.0303
hash_table,tailcall_simplify,"mem2reg,tailcallelim,simplifycfg,instcombine,dce",3.8307,16216,179,122,1.3133,1,tailcall_simplify,163.0,33.0,4.0,6.0,29.0,9.0,20.0,41.0,25.0,13.0,9.0,1.0,19.0,0.0,9.0,4.0,4.0,88.0,1.64,0.5399,0.1166,0.8788,0.0303
linear_search,scalar_cleanup,"mem2reg,instcombine,simplifycfg",119.8624,16080,102,64,0.9334,0,arithmetic_constant,92.0,23.0,2.0,4.0,21.0,6.0,15.0,20.0,17.0,11.0,3.0,0.0,8.0,0.0,6.0,2.0,2.0,51.0,1.1765,0.5543,0.087,0.913,0.0
linear_search,arithmetic_constant,"mem2reg,instcombine,reassociate,sccp,dce",112.1757,16080,132,84,0.9974,1,arithmetic_constant,92.0,23.0,2.0,4.0,21.0,6.0,15.0,20.0,17.0,11.0,3.0,0.0,8.0,0.0,6.0,2.0,2.0,51.0,1.1765,0.5543,0.087,0.913,0.0
linear_search,memory_redundancy,"mem2reg,gvn,dse,instcombine,simplifycfg",118.5479,16080,102,64,0.9438,0,arithmetic_constant,92.0,23.0,2.0,4.0,21.0,6.0,15.0,20.0,17.0,11.0,3.0,0.0,8.0,0.0,6.0,2.0,2.0,51.0,1.1765,0.5543,0.087,0.913,0.0
linear_search,code_size_dce,"mem2reg,simplifycfg,instcombine,dce,adce",119.7554,16080,102,64,0.9343,0,arithmetic_constant,92.0,23.0,2.0,4.0,21.0,6.0,15.0,20.0,17.0,11.0,3.0,0.0,8.0,0.0,6.0,2.0,2.0,51.0,1.1765,0.5543,0.087,0.913,0.0
linear_search,tailcall_simplify,"mem2reg,tailcallelim,simplifycfg,instcombine,dce",118.4854,16080,102,64,0.9443,0,arithmetic_constant,92.0,23.0,2.0,4.0,21.0,6.0,15.0,20.0,17.0,11.0,3.0,0.0,8.0,0.0,6.0,2.0,2.0,51.0,1.1765,0.5543,0.087,0.913,0.0
matrix_multiply,scalar_cleanup,"mem2reg,instcombine,simplifycfg",2.7008,16080,175,125,1.0876,0,code_size_dce,185.0,34.0,2.0,8.0,32.0,8.0,24.0,45.0,27.0,16.0,21.0,0.0,18.0,0.0,8.0,2.0,2.0,109.0,1.6667,0.5892,0.0973,0.9412,0.0
matrix_multiply,arithmetic_constant,"mem2reg,instcombine,reassociate,sccp,dce",2.9757,16080,214,151,0.9871,0,code_size_dce,185.0,34.0,2.0,8.0,32.0,8.0,24.0,45.0,27.0,16.0,21.0,0.0,18.0,0.0,8.0,2.0,2.0,109.0,1.6667,0.5892,0.0973,0.9412,0.0
matrix_multiply,memory_redundancy,"mem2reg,gvn,dse,instcombine,simplifycfg",2.4457,16080,167,117,1.201,0,code_size_dce,185.0,34.0,2.0,8.0,32.0,8.0,24.0,45.0,27.0,16.0,21.0,0.0,18.0,0.0,8.0,2.0,2.0,109.0,1.6667,0.5892,0.0973,0.9412,0.0
matrix_multiply,code_size_dce,"mem2reg,simplifycfg,instcombine,dce,adce",2.2454,16080,175,125,1.3082,1,code_size_dce,185.0,34.0,2.0,8.0,32.0,8.0,24.0,45.0,27.0,16.0,21.0,0.0,18.0,0.0,8.0,2.0,2.0,109.0,1.6667,0.5892,0.0973,0.9412,0.0
matrix_multiply,tailcall_simplify,"mem2reg,tailcallelim,simplifycfg,instcombine,dce",2.6799,16080,175,125,1.0961,0,code_size_dce,185.0,34.0,2.0,8.0,32.0,8.0,24.0,45.0,27.0,16.0,21.0,0.0,18.0,0.0,8.0,2.0,2.0,109.0,1.6667,0.5892,0.0973,0.9412,0.0
nested_loops,scalar_cleanup,"mem2reg,instcombine,simplifycfg",40.1977,16040,84,52,0.9809,0,arithmetic_constant,74.0,17.0,1.0,4.0,16.0,4.0,12.0,17.0,14.0,9.0,0.0,0.0,9.0,0.0,4.0,1.0,1.0,40.0,1.2143,0.5405,0.1216,0.9412,0.0
nested_loops,arithmetic_constant,"mem2reg,instcombine,reassociate,sccp,dce",37.123,16040,106,67,1.0622,1,arithmetic_constant,74.0,17.0,1.0,4.0,16.0,4.0,12.0,17.0,14.0,9.0,0.0,0.0,9.0,0.0,4.0,1.0,1.0,40.0,1.2143,0.5405,0.1216,0.9412,0.0
nested_loops,memory_redundancy,"mem2reg,gvn,dse,instcombine,simplifycfg",40.3263,16040,84,52,0.9778,0,arithmetic_constant,74.0,17.0,1.0,4.0,16.0,4.0,12.0,17.0,14.0,9.0,0.0,0.0,9.0,0.0,4.0,1.0,1.0,40.0,1.2143,0.5405,0.1216,0.9412,0.0
nested_loops,code_size_dce,"mem2reg,simplifycfg,instcombine,dce,adce",40.7525,16040,84,52,0.9676,0,arithmetic_constant,74.0,17.0,1.0,4.0,16.0,4.0,12.0,17.0,14.0,9.0,0.0,0.0,9.0,0.0,4.0,1.0,1.0,40.0,1.2143,0.5405,0.1216,0.9412,0.0
nested_loops,tailcall_simplify,"mem2reg,tailcallelim,simplifycfg,instcombine,dce",40.7179,16040,84,52,0.9684,0,arithmetic_constant,74.0,17.0,1.0,4.0,16.0,4.0,12.0,17.0,14.0,9.0,0.0,0.0,9.0,0.0,4.0,1.0,1.0,40.0,1.2143,0.5405,0.1216,0.9412,0.0
prime_sieve,scalar_cleanup,"mem2reg,instcombine,simplifycfg",0.89,16040,115,78,1.3811,0,tailcall_simplify,95.0,21.0,1.0,4.0,20.0,6.0,14.0,23.0,17.0,8.0,6.0,0.0,9.0,0.0,6.0,1.0,1.0,54.0,1.3529,0.5684,0.0947,0.9524,0.0
prime_sieve,arithmetic_constant,"mem2reg,instcombine,reassociate,sccp,dce",1.0122,16040,133,90,1.2144,0,tailcall_simplify,95.0,21.0,1.0,4.0,20.0,6.0,14.0,23.0,17.0,8.0,6.0,0.0,9.0,0.0,6.0,1.0,1.0,54.0,1.3529,0.5684,0.0947,0.9524,0.0
prime_sieve,memory_redundancy,"mem2reg,gvn,dse,instcombine,simplifycfg",0.89,16040,111,75,1.3811,0,tailcall_simplify,95.0,21.0,1.0,4.0,20.0,6.0,14.0,23.0,17.0,8.0,6.0,0.0,9.0,0.0,6.0,1.0,1.0,54.0,1.3529,0.5684,0.0947,0.9524,0.0
prime_sieve,code_size_dce,"mem2reg,simplifycfg,instcombine,dce,adce",1.1419,16040,115,78,1.0765,0,tailcall_simplify,95.0,21.0,1.0,4.0,20.0,6.0,14.0,23.0,17.0,8.0,6.0,0.0,9.0,0.0,6.0,1.0,1.0,54.0,1.3529,0.5684,0.0947,0.9524,0.0
prime_sieve,tailcall_simplify,"mem2reg,tailcallelim,simplifycfg,instcombine,dce",0.8801,16040,115,78,1.3967,1,tailcall_simplify,95.0,21.0,1.0,4.0,20.0,6.0,14.0,23.0,17.0,8.0,6.0,0.0,9.0,0.0,6.0,1.0,1.0,54.0,1.3529,0.5684,0.0947,0.9524,0.0
string_reverse,scalar_cleanup,"mem2reg,instcombine,simplifycfg",13.5258,16080,107,72,1.4278,0,tailcall_simplify,107.0,12.0,2.0,3.0,10.0,3.0,7.0,33.0,19.0,11.0,10.0,0.0,7.0,0.0,3.0,2.0,2.0,73.0,1.7368,0.6822,0.0654,0.8333,0.0
string_reverse,arithmetic_constant,"mem2reg,instcombine,reassociate,sccp,dce",14.5386,16080,110,74,1.3283,0,tailcall_simplify,107.0,12.0,2.0,3.0,10.0,3.0,7.0,33.0,19.0,11.0,10.0,0.0,7.0,0.0,3.0,2.0,2.0,73.0,1.7368,0.6822,0.0654,0.8333,0.0
string_reverse,memory_redundancy,"mem2reg,gvn,dse,instcombine,simplifycfg",12.7883,16080,101,66,1.5101,0,tailcall_simplify,107.0,12.0,2.0,3.0,10.0,3.0,7.0,33.0,19.0,11.0,10.0,0.0,7.0,0.0,3.0,2.0,2.0,73.0,1.7368,0.6822,0.0654,0.8333,0.0
string_reverse,code_size_dce,"mem2reg,simplifycfg,instcombine,dce,adce",12.7857,16080,107,72,1.5104,0,tailcall_simplify,107.0,12.0,2.0,3.0,10.0,3.0,7.0,33.0,19.0,11.0,10.0,0.0,7.0,0.0,3.0,2.0,2.0,73.0,1.7368,0.6822,0.0654,0.8333,0.0
string_reverse,tailcall_simplify,"mem2reg,tailcallelim,simplifycfg,instcombine,dce",12.6491,16080,107,72,1.5267,1,tailcall_simplify,107.0,12.0,2.0,3.0,10.0,3.0,7.0,33.0,19.0,11.0,10.0,0.0,7.0,0.0,3.0,2.0,2.0,73.0,1.7368,0.6822,0.0654,0.8333,0.0
vector_dot_product,scalar_cleanup,"mem2reg,instcombine,simplifycfg",76.2396,16080,105,71,1.3623,0,memory_redundancy,97.0,14.0,2.0,3.0,12.0,3.0,9.0,23.0,17.0,11.0,7.0,0.0,14.0,1.0,3.0,2.0,2.0,58.0,1.3529,0.5979,0.1546,0.8571,0.0
vector_dot_product,arithmetic_constant,"mem2reg,instcombine,reassociate,sccp,dce",78.697,16080,117,79,1.3197,0,memory_redundancy,97.0,14.0,2.0,3.0,12.0,3.0,9.0,23.0,17.0,11.0,7.0,0.0,14.0,1.0,3.0,2.0,2.0,58.0,1.3529,0.5979,0.1546,0.8571,0.0
vector_dot_product,memory_redundancy,"mem2reg,gvn,dse,instcombine,simplifycfg",75.5607,16080,103,69,1.3745,1,memory_redundancy,97.0,14.0,2.0,3.0,12.0,3.0,9.0,23.0,17.0,11.0,7.0,0.0,14.0,1.0,3.0,2.0,2.0,58.0,1.3529,0.5979,0.1546,0.8571,0.0
vector_dot_product,code_size_dce,"mem2reg,simplifycfg,instcombine,dce,adce",75.9834,16080,105,71,1.3668,0,memory_redundancy,97.0,14.0,2.0,3.0,12.0,3.0,9.0,23.0,17.0,11.0,7.0,0.0,14.0,1.0,3.0,2.0,2.0,58.0,1.3529,0.5979,0.1546,0.8571,0.0
vector_dot_product,tailcall_simplify,"mem2reg,tailcallelim,simplifycfg,instcombine,dce",76.9173,16080,105,71,1.3503,0,memory_redundancy,97.0,14.0,2.0,3.0,12.0,3.0,9.0,23.0,17.0,11.0,7.0,0.0,14.0,1.0,3.0,2.0,2.0,58.0,1.3529,0.5979,0.1546,0.8571,0.0
sample,scalar_cleanup,"mem2reg,instcombine,simplifycfg",1.1656,15912,38,17,0.7495,0,arithmetic_constant,22.0,5.0,1.0,1.0,4.0,1.0,3.0,5.0,5.0,3.0,0.0,0.0,3.0,0.0,1.0,0.0,1.0,13.0,1.0,0.5909,0.1364,0.8,0.0
sample,arithmetic_constant,"mem2reg,instcombine,reassociate,sccp,dce",0.9735,15912,41,19,0.8974,1,arithmetic_constant,22.0,5.0,1.0,1.0,4.0,1.0,3.0,5.0,5.0,3.0,0.0,0.0,3.0,0.0,1.0,0.0,1.0,13.0,1.0,0.5909,0.1364,0.8,0.0
sample,memory_redundancy,"mem2reg,gvn,dse,instcombine,simplifycfg",1.2841,15912,38,17,0.6803,0,arithmetic_constant,22.0,5.0,1.0,1.0,4.0,1.0,3.0,5.0,5.0,3.0,0.0,0.0,3.0,0.0,1.0,0.0,1.0,13.0,1.0,0.5909,0.1364,0.8,0.0
sample,code_size_dce,"mem2reg,simplifycfg,instcombine,dce,adce",1.0821,15912,38,17,0.8073,0,arithmetic_constant,22.0,5.0,1.0,1.0,4.0,1.0,3.0,5.0,5.0,3.0,0.0,0.0,3.0,0.0,1.0,0.0,1.0,13.0,1.0,0.5909,0.1364,0.8,0.0
sample,tailcall_simplify,"mem2reg,tailcallelim,simplifycfg,instcombine,dce",1.0733,15912,38,17,0.8139,0,arithmetic_constant,22.0,5.0,1.0,1.0,4.0,1.0,3.0,5.0,5.0,3.0,0.0,0.0,3.0,0.0,1.0,0.0,1.0,13.0,1.0,0.5909,0.1364,0.8,0.0
